{
  "users": [
    {
      "id": "60f0",
      "username": "testvendor",
      "email": "testvendor@example.com",
      "business_name": "Test Vendor Store",
      "phone": "+919876543210",
      "business_type": "fashion",
      "address": "Test Address, India",
      "description": "A test vendor for demo",
      "hashed_password": "$argon2id$v=19$m=65536,t=3,p=4$xdi7F8IYQ0hpbc2Z8947Jw$gMzeSKJWqBY4SKdVSpUB84i7ja5vBmg++0OvGFpQOL8",
      "created_at": "2025-12-03T14:04:05.492667",
      "is_active": true
    },
    {
      "id": "e409",
      "username": "VarK",
      "email": "varshith.kada@gmail.com",
      "business_name": "Srikant Ladies Emporium",
      "phone": "+91 7893127444",
      "business_type": "clothing",
      "address": "Sblock, IISc, Bangalore",
      "description": "We sell everything from bangles to sarees.",
      "hashed_password": "$argon2id$v=19$m=65536,t=3,p=4$fU/JOceY03oPIQRAyDmHEA$jLmM2OBk/dMpTggk9g2pDgfMR3VRzYrn3VozNYw78uo",
      "created_at": "2025-12-03T14:13:48.644825",
      "is_active": true
    },
    {
      "id": "b11a",
      "username": "sweety",
      "email": "vishnu@gmail.com",
      "business_name": "Big C",
      "phone": "+91 9742590888",
      "business_type": "other",
      "address": "IISc, Bangalore",
      "description": "",
      "hashed_password": "$argon2id$v=19$m=65536,t=3,p=4$bS2ldE5pDUGoVco5pzQGYA$Y+BusyM9WF6DDU/3a+lkKsWj7dQOs/1UIaqzmn8dABQ",
      "created_at": "2025-12-03T14:40:42.084076",
      "is_active": true
    }
  ],
  "products": []
}