{
  "mappings": {
    "wamid.HBgMOTE3ODkzMTI3NDQ0FQIAERgSQTcxQzVEQUZEMDlDRTE5Q0E1AA==": {
      "product_id": "56eeb20a-70ea-4072-92d0-81ab0c5e2816",
      "short_id": null,
      "timestamp": "2025-12-03T23:09:46.619975"
    },
    "wamid.HBgMOTE3ODkzMTI3NDQ0FQIAERgSMTQwMUFBQzg0MjIyNzU1Q0JEAA==": {
      "product_id": "cd21730f-0f3c-4539-a3c6-cd073f4fba9d",
      "short_id": null,
      "timestamp": "2025-12-03T23:09:47.534905"
    },
    "wamid.HBgMOTE3ODkzMTI3NDQ0FQIAERgSMzEwQjA1ODU2NEZEQzk5NjY3AA==": {
      "product_id": "a7ce5126-dba6-4262-8999-5e1f3f6229f1",
      "short_id": null,
      "timestamp": "2025-12-03T23:09:48.461317"
    },
    "wamid.HBgMOTE3ODkzMTI3NDQ0FQIAERgSQjRDNDhGM0E5NzFFMUY1NjNEAA==": {
      "product_id": "c8450ce7-41f1-47c6-bc6a-22c90d668b0b",
      "short_id": null,
      "timestamp": "2025-12-03T23:09:49.351084"
    },
    "wamid.HBgMOTE3ODkzMTI3NDQ0FQIAERgSNzc5RkMxMTYwMUZCODFFMTlEAA==": {
      "product_id": "56eeb20a-70ea-4072-92d0-81ab0c5e2816",
      "short_id": null,
      "timestamp": "2025-12-03T23:54:42.025961"
    },
    "wamid.HBgMOTE3ODkzMTI3NDQ0FQIAERgSREEyMkUzMjE3MkZDNkJCQ0E4AA==": {
      "product_id": "cd21730f-0f3c-4539-a3c6-cd073f4fba9d",
      "short_id": null,
      "timestamp": "2025-12-03T23:54:42.848540"
    },
    "wamid.HBgMOTE3ODkzMTI3NDQ0FQIAERgSRUMxODdCMTNGQUM5MUNGMjdBAA==": {
      "product_id": "a7ce5126-dba6-4262-8999-5e1f3f6229f1",
      "short_id": null,
      "timestamp": "2025-12-03T23:54:44.421597"
    },
    "wamid.HBgMOTE3ODkzMTI3NDQ0FQIAERgSNTZDODM2RjY2OUQ1MkFGQzZFAA==": {
      "product_id": "c8450ce7-41f1-47c6-bc6a-22c90d668b0b",
      "short_id": null,
      "timestamp": "2025-12-03T23:54:45.260229"
    },
    "wamid.HBgMOTE3ODkzMTI3NDQ0FQIAERgSMkJCODAxQUE5ODlENzIxQ0NBAA==": {
      "product_id": "cd21730f-0f3c-4539-a3c6-cd073f4fba9d",
      "short_id": null,
      "timestamp": "2025-12-04T00:25:17.663714"
    },
    "wamid.HBgMOTE3ODkzMTI3NDQ0FQIAERgSQzJCNkE5NTNBQ0MzRjM3N0I2AA==": {
      "product_id": "a7ce5126-dba6-4262-8999-5e1f3f6229f1",
      "short_id": null,
      "timestamp": "2025-12-04T00:25:18.679407"
    },
    "wamid.HBgMOTE3ODkzMTI3NDQ0FQIAERgSQTM3QTZDREFBMjkxNTVFNzBDAA==": {
      "product_id": "c8450ce7-41f1-47c6-bc6a-22c90d668b0b",
      "short_id": null,
      "timestamp": "2025-12-04T00:25:20.433143"
    },
    "wamid.HBgMOTE3ODkzMTI3NDQ0FQIAERgSOUI4Q0M3RTU1OUQ1Njg3NzAwAA==": {
      "product_id": "a550c11c-cfd6-41c1-94ee-943779eb7f11",
      "short_id": null,
      "timestamp": "2025-12-04T00:25:21.702219"
    },
    "wamid.HBgMOTE3ODkzMTI3NDQ0FQIAERgSRjE4Mzg0MzhBMjI4Njk5MzVEAA==": {
      "product_id": "cd21730f-0f3c-4539-a3c6-cd073f4fba9d",
      "short_id": null,
      "timestamp": "2025-12-04T01:32:37.847217"
    },
    "wamid.HBgMOTE3ODkzMTI3NDQ0FQIAERgSODczRUMzRjY3ODA2MzM0RTMwAA==": {
      "product_id": "a7ce5126-dba6-4262-8999-5e1f3f6229f1",
      "short_id": null,
      "timestamp": "2025-12-04T01:32:39.446917"
    },
    "wamid.HBgMOTE3ODkzMTI3NDQ0FQIAERgSMTY3OEVENUUzRDA2RURDMkFGAA==": {
      "product_id": "c8450ce7-41f1-47c6-bc6a-22c90d668b0b",
      "short_id": null,
      "timestamp": "2025-12-04T01:32:41.721893"
    },
    "wamid.HBgMOTE3ODkzMTI3NDQ0FQIAERgSQUVCMTQzRjVFNTBFRjU4QUZCAA==": {
      "product_id": "a550c11c-cfd6-41c1-94ee-943779eb7f11",
      "short_id": null,
      "timestamp": "2025-12-04T01:32:43.418092"
    },
    "wamid.HBgMOTE3ODkzMTI3NDQ0FQIAERgSQkM2QUUzQkU1NDI5MTZDRDBEAA==": {
      "product_id": "cd21730f-0f3c-4539-a3c6-cd073f4fba9d",
      "short_id": null,
      "timestamp": "2025-12-04T01:32:56.503162"
    },
    "wamid.HBgMOTE3ODkzMTI3NDQ0FQIAERgSMjM0NEZEMDgxN0ZDMjcwREUzAA==": {
      "product_id": "a7ce5126-dba6-4262-8999-5e1f3f6229f1",
      "short_id": null,
      "timestamp": "2025-12-04T01:32:58.437221"
    },
    "wamid.HBgMOTE3ODkzMTI3NDQ0FQIAERgSOEVBNkFDMENFREM0RTcxMTgxAA==": {
      "product_id": "c8450ce7-41f1-47c6-bc6a-22c90d668b0b",
      "short_id": null,
      "timestamp": "2025-12-04T01:32:59.434479"
    },
    "wamid.HBgMOTE3ODkzMTI3NDQ0FQIAERgSQUM4N0Y5RTNBQ0QyNTYyRDU4AA==": {
      "product_id": "a550c11c-cfd6-41c1-94ee-943779eb7f11",
      "short_id": null,
      "timestamp": "2025-12-04T01:33:01.462136"
    },
    "wamid.HBgMOTE3ODkzMTI3NDQ0FQIAERgSODRERDhFNjc5QTU3QUI5RUNGAA==": {
      "product_id": "1edbb749-58b7-4b78-97eb-2e7dc4db244b",
      "short_id": null,
      "timestamp": "2025-12-04T01:33:47.905857"
    },
    "wamid.HBgMOTE3ODkzMTI3NDQ0FQIAERgSNEM0Q0VGMzQ0NzVDQjczQzAwAA==": {
      "product_id": "23d2b870-68ff-4a46-83ba-c2e4f2be3d7f",
      "short_id": null,
      "timestamp": "2025-12-04T01:33:50.813003"
    },
    "wamid.HBgMOTE3ODkzMTI3NDQ0FQIAERgSMTdDNjYzMzQ4NDBGNEFBQjUyAA==": {
      "product_id": "6508c28c-1526-4a71-ba59-7370bc40f22b",
      "short_id": null,
      "timestamp": "2025-12-04T01:33:51.726534"
    },
    "wamid.HBgMOTE3ODkzMTI3NDQ0FQIAERgSQzgxREE0MjQ2MTFFNEE5N0M1AA==": {
      "product_id": "b8ced6f4-2594-4081-8cb3-4f96e4843331",
      "short_id": null,
      "timestamp": "2025-12-04T01:33:53.509215"
    },
    "wamid.HBgMOTE3ODkzMTI3NDQ0FQIAERgSNzQ4NTI1QkNDMzgxMzUxMUEyAA==": {
      "product_id": "1edbb749-58b7-4b78-97eb-2e7dc4db244b",
      "short_id": null,
      "timestamp": "2025-12-04T01:34:12.003616"
    },
    "wamid.HBgMOTE3ODkzMTI3NDQ0FQIAERgSMkZCNzYzNjRBQkU2QjRGNDhFAA==": {
      "product_id": "23d2b870-68ff-4a46-83ba-c2e4f2be3d7f",
      "short_id": null,
      "timestamp": "2025-12-04T01:34:13.113766"
    },
    "wamid.HBgMOTE3ODkzMTI3NDQ0FQIAERgSODE0OTk5NzdFREVGOEY1QkNDAA==": {
      "product_id": "6508c28c-1526-4a71-ba59-7370bc40f22b",
      "short_id": null,
      "timestamp": "2025-12-04T01:34:15.355847"
    },
    "wamid.HBgMOTE3ODkzMTI3NDQ0FQIAERgSMkQ1NjhFMUJGQUYwNzM4MTBBAA==": {
      "product_id": "b8ced6f4-2594-4081-8cb3-4f96e4843331",
      "short_id": null,
      "timestamp": "2025-12-04T01:34:18.177996"
    },
    "wamid.HBgMOTE3ODkzMTI3NDQ0FQIAERgSRUJGMjhDMjRFRDAwNTE2MkY1AA==": {
      "product_id": "cd21730f-0f3c-4539-a3c6-cd073f4fba9d",
      "short_id": null,
      "timestamp": "2025-12-04T01:36:09.988522"
    },
    "wamid.HBgMOTE3ODkzMTI3NDQ0FQIAERgSODIyRjRDMDI5RDhFMUI0QkVDAA==": {
      "product_id": "a7ce5126-dba6-4262-8999-5e1f3f6229f1",
      "short_id": null,
      "timestamp": "2025-12-04T01:36:11.995714"
    },
    "wamid.HBgMOTE3ODkzMTI3NDQ0FQIAERgSMUJFNzA0MzFGQzY5NjhCQ0U5AA==": {
      "product_id": "c8450ce7-41f1-47c6-bc6a-22c90d668b0b",
      "short_id": null,
      "timestamp": "2025-12-04T01:36:14.964917"
    },
    "wamid.HBgMOTE3ODkzMTI3NDQ0FQIAERgSOTEyMjcxMzExMDRDMEE5N0Y1AA==": {
      "product_id": "a550c11c-cfd6-41c1-94ee-943779eb7f11",
      "short_id": null,
      "timestamp": "2025-12-04T01:36:16.027230"
    },
    "wamid.HBgMOTE3ODkzMTI3NDQ0FQIAERgSNDlFMEY0Q0MwNkZEMzU1MTAwAA==": {
      "product_id": "cd21730f-0f3c-4539-a3c6-cd073f4fba9d",
      "short_id": null,
      "timestamp": "2025-12-04T01:41:14.825298"
    },
    "wamid.HBgMOTE3ODkzMTI3NDQ0FQIAERgSMTM2NEQxNjZGMTI0MTEzN0VDAA==": {
      "product_id": "a7ce5126-dba6-4262-8999-5e1f3f6229f1",
      "short_id": null,
      "timestamp": "2025-12-04T01:41:17.760567"
    },
    "wamid.HBgMOTE3ODkzMTI3NDQ0FQIAERgSRTkyRDhFN0M3MUZCMTBEQjhEAA==": {
      "product_id": "c8450ce7-41f1-47c6-bc6a-22c90d668b0b",
      "short_id": null,
      "timestamp": "2025-12-04T01:41:20.122740"
    },
    "wamid.HBgMOTE3ODkzMTI3NDQ0FQIAERgSQTRERDI0MENDQjY3RTVCODgxAA==": {
      "product_id": "a550c11c-cfd6-41c1-94ee-943779eb7f11",
      "short_id": null,
      "timestamp": "2025-12-04T01:41:24.904546"
    },
    "wamid.HBgMOTE3ODkzMTI3NDQ0FQIAERgSNzEzOTcxM0M3MjM4QUZEMjdBAA==": {
      "product_id": "7c1006ae-6781-4f7c-97d8-92c97e571ff4",
      "short_id": null,
      "timestamp": "2025-12-04T01:47:08.162476"
    },
    "wamid.HBgMOTE3ODkzMTI3NDQ0FQIAERgSRjEwMTc3MTA3OUQzODgyNjlCAA==": {
      "product_id": "cff8215c-bf25-4286-8a2f-d3cc57576934",
      "short_id": null,
      "timestamp": "2025-12-04T01:47:10.530633"
    },
    "wamid.HBgMOTE3ODkzMTI3NDQ0FQIAERgSODgxMDRDMUYxRjgyNUQ3NUE3AA==": {
      "product_id": "af416eec-1a13-4031-b4e5-39dbeda590e6",
      "short_id": null,
      "timestamp": "2025-12-04T01:47:12.965587"
    },
    "wamid.HBgMOTE3ODkzMTI3NDQ0FQIAERgSMzIxQkQwMzA1RjdBRTE2NEQ5AA==": {
      "product_id": "7d93021d-8dee-4995-8e0e-9e401f3e038c",
      "short_id": null,
      "timestamp": "2025-12-04T01:47:15.211045"
    },
    "wamid.HBgMOTE3ODkzMTI3NDQ0FQIAERgSMzZEN0U2OUYwNzMzQzRCRDEwAA==": {
      "product_id": "cbf64257-b473-45fd-a045-0ce8e4a39883",
      "short_id": null,
      "timestamp": "2025-12-04T01:49:20.618304"
    },
    "wamid.HBgMOTE3ODkzMTI3NDQ0FQIAERgSM0QyRDk0Q0Q0ODE4NzQ0NzdFAA==": {
      "product_id": "e6139c7d-9291-4362-bce3-64c6fd7a5cab",
      "short_id": null,
      "timestamp": "2025-12-04T01:49:31.020459"
    },
    "wamid.HBgMOTE3ODkzMTI3NDQ0FQIAERgSMzc3QUIxRTZEMDY2NjY0NzQzAA==": {
      "product_id": "a7ce5126-dba6-4262-8999-5e1f3f6229f1",
      "short_id": null,
      "timestamp": "2025-12-04T01:49:50.196226"
    },
    "wamid.HBgMOTE3ODkzMTI3NDQ0FQIAERgSNDhEMzgyNURFQUNGMEM3NTU4AA==": {
      "product_id": "cbf64257-b473-45fd-a045-0ce8e4a39883",
      "short_id": null,
      "timestamp": "2025-12-04T01:50:09.943817"
    },
    "wamid.HBgMOTE3ODkzMTI3NDQ0FQIAERgSODFDNTA0MDZDMzIzMDE0RTRCAA==": {
      "product_id": "e6139c7d-9291-4362-bce3-64c6fd7a5cab",
      "short_id": null,
      "timestamp": "2025-12-04T01:50:11.491678"
    },
    "wamid.HBgMOTE3ODkzMTI3NDQ0FQIAERgSQzZBNEVERTAxNUFFQ0ZDOEE4AA==": {
      "product_id": "c4e46ebc-bbd9-4ca3-8c8f-898345d8db44",
      "short_id": null,
      "timestamp": "2025-12-04T01:50:13.518470"
    },
    "wamid.HBgMOTE3ODkzMTI3NDQ0FQIAERgSMDE0RkJBNDlFQTExM0E1QzcxAA==": {
      "product_id": "a7ce5126-dba6-4262-8999-5e1f3f6229f1",
      "short_id": null,
      "timestamp": "2025-12-04T01:50:16.738277"
    },
    "wamid.HBgMOTE3ODkzMTI3NDQ0FQIAERgSNTZCODAxQzUxOTQwMjFENDUwAA==": {
      "product_id": "cbf64257-b473-45fd-a045-0ce8e4a39883",
      "short_id": null,
      "timestamp": "2025-12-04T01:50:37.238917"
    },
    "wamid.HBgMOTE3ODkzMTI3NDQ0FQIAERgSMzcxRDhEMEVGMjE5QjAwQ0E2AA==": {
      "product_id": "e6139c7d-9291-4362-bce3-64c6fd7a5cab",
      "short_id": null,
      "timestamp": "2025-12-04T01:50:41.981359"
    },
    "wamid.HBgMOTE3ODkzMTI3NDQ0FQIAERgSQkFGMzQ0Mzg0RUMyNTE5Njg3AA==": {
      "product_id": "c4e46ebc-bbd9-4ca3-8c8f-898345d8db44",
      "short_id": null,
      "timestamp": "2025-12-04T01:50:43.475032"
    },
    "wamid.HBgMOTE3ODkzMTI3NDQ0FQIAERgSM0YzOTlCNjI5ODlBQzU5MjdCAA==": {
      "product_id": "a7ce5126-dba6-4262-8999-5e1f3f6229f1",
      "short_id": null,
      "timestamp": "2025-12-04T01:50:46.892105"
    },
    "wamid.HBgMOTE3ODkzMTI3NDQ0FQIAERgSQjQ1N0ZCOTI2QUY1RjFBNUM2AA==": {
      "product_id": "312eef0f-4a41-41dd-baee-2fdf6d73099d",
      "short_id": null,
      "timestamp": "2025-12-04T02:18:23.848856"
    },
    "wamid.HBgMOTE3ODkzMTI3NDQ0FQIAERgSQUEwMzVBMUVCQTZFNzY5NTZEAA==": {
      "product_id": "0fdf9a8f-638e-4170-ae63-74e1d8a6ab1a",
      "short_id": null,
      "timestamp": "2025-12-04T02:18:24.903385"
    },
    "wamid.HBgMOTE3ODkzMTI3NDQ0FQIAERgSRThGNzYwQzY4Njc0RUYyNUJBAA==": {
      "product_id": "9fb44889-66d5-40e6-b46f-876bc963a1dd",
      "short_id": null,
      "timestamp": "2025-12-04T02:18:25.934504"
    },
    "wamid.HBgMOTE3ODkzMTI3NDQ0FQIAERgSOENEM0Q4RDQwRDc3NTE2QTc4AA==": {
      "product_id": "20cd76fc-b0f6-4541-b635-3924c86c92d5",
      "short_id": null,
      "timestamp": "2025-12-04T02:18:27.017337"
    },
    "wamid.HBgMOTE3ODkzMTI3NDQ0FQIAERgSMkUyMzk0NzU3MjNDNzJBRUI0AA==": {
      "product_id": "cd21730f-0f3c-4539-a3c6-cd073f4fba9d",
      "short_id": null,
      "timestamp": "2025-12-04T02:19:05.724839"
    },
    "wamid.HBgMOTE3ODkzMTI3NDQ0FQIAERgSMTI2OTBBRjBCMDI2MUFFRTExAA==": {
      "product_id": "a7ce5126-dba6-4262-8999-5e1f3f6229f1",
      "short_id": null,
      "timestamp": "2025-12-04T02:19:06.721853"
    },
    "wamid.HBgMOTE3ODkzMTI3NDQ0FQIAERgSOEY3QTk5MkU0MTdBOTI3OThGAA==": {
      "product_id": "c8450ce7-41f1-47c6-bc6a-22c90d668b0b",
      "short_id": null,
      "timestamp": "2025-12-04T02:19:07.762765"
    },
    "wamid.HBgMOTE3ODkzMTI3NDQ0FQIAERgSOUQyRTYzMTc2MzZGRDg1RDFDAA==": {
      "product_id": "5bbf9597-f956-44f3-8548-f261fa48b61f",
      "short_id": null,
      "timestamp": "2025-12-04T02:19:08.769550"
    },
    "wamid.HBgMOTE3ODkzMTI3NDQ0FQIAERgSOTlERkU1MkQ1MkMyRTA4MTRCAA==": {
      "product_id": "e6139c7d-9291-4362-bce3-64c6fd7a5cab",
      "short_id": null,
      "timestamp": "2025-12-04T02:49:42.717142"
    },
    "wamid.HBgMOTE3ODkzMTI3NDQ0FQIAERgSQjY3QzY3NkUzRDA0NzlGMDVDAA==": {
      "product_id": "a7ce5126-dba6-4262-8999-5e1f3f6229f1",
      "short_id": null,
      "timestamp": "2025-12-04T02:49:44.015916"
    },
    "wamid.HBgMOTE3ODkzMTI3NDQ0FQIAERgSMzA2NUVCN0VCRjJBODM1REIzAA==": {
      "product_id": "c4e46ebc-bbd9-4ca3-8c8f-898345d8db44",
      "short_id": null,
      "timestamp": "2025-12-04T02:49:44.875123"
    },
    "wamid.HBgMOTE3ODkzMTI3NDQ0FQIAERgSQkMwNTRDM0MxMzg1NzlCQUQ5AA==": {
      "product_id": "cd21730f-0f3c-4539-a3c6-cd073f4fba9d",
      "short_id": null,
      "timestamp": "2025-12-04T02:49:45.753748"
    },
    "wamid.HBgMOTE3ODkzMTI3NDQ0FQIAERgSNTVERkI5RkNGOUExMzVEQkVFAA==": {
      "product_id": "e6139c7d-9291-4362-bce3-64c6fd7a5cab",
      "short_id": null,
      "timestamp": "2025-12-04T03:41:29.930102"
    },
    "wamid.HBgMOTE3ODkzMTI3NDQ0FQIAERgSNjE0MDY0MTY3QUE0MjkzNjIzAA==": {
      "product_id": "c4e46ebc-bbd9-4ca3-8c8f-898345d8db44",
      "short_id": null,
      "timestamp": "2025-12-04T03:41:30.918979"
    },
    "wamid.HBgMOTE3ODkzMTI3NDQ0FQIAERgSMjhEODg3RUI5OUJDMDAyRENGAA==": {
      "product_id": "a7ce5126-dba6-4262-8999-5e1f3f6229f1",
      "short_id": null,
      "timestamp": "2025-12-04T03:41:32.213890"
    },
    "wamid.HBgMOTE3ODkzMTI3NDQ0FQIAERgSRDJDQzgxQUJBRjU5QjA4MkE0AA==": {
      "product_id": "c2ba9244-1934-4652-85fd-d442024a148f",
      "short_id": null,
      "timestamp": "2025-12-04T03:41:33.225886"
    },
    "wamid.HBgMOTE3ODkzMTI3NDQ0FQIAERgSOTdBOEE5MjQ2NzgzNThEMUExAA==": {
      "product_id": "c2ba9244-1934-4652-85fd-d442024a148f",
      "short_id": null,
      "timestamp": "2025-12-04T03:43:01.995691"
    },
    "wamid.HBgMOTE3ODkzMTI3NDQ0FQIAERgSNzQyMUZDMTU2RjQ1ODc0QUI3AA==": {
      "product_id": "c4e46ebc-bbd9-4ca3-8c8f-898345d8db44",
      "short_id": null,
      "timestamp": "2025-12-04T03:43:03.595311"
    },
    "wamid.HBgMOTE3ODkzMTI3NDQ0FQIAERgSRjNFM0E5NjdBOUU3Mzc1QkNGAA==": {
      "product_id": "a7ce5126-dba6-4262-8999-5e1f3f6229f1",
      "short_id": null,
      "timestamp": "2025-12-04T03:43:04.653155"
    },
    "wamid.HBgMOTE3ODkzMTI3NDQ0FQIAERgSMkY4Njc5NDNGMkM5NTgwMTlGAA==": {
      "product_id": "cd21730f-0f3c-4539-a3c6-cd073f4fba9d",
      "short_id": null,
      "timestamp": "2025-12-04T03:43:05.775586"
    }
  },
  "updated_at": "2025-12-04T03:43:05.776773"
}