[
  {
    "user_id": "user-001",
    "style_preferences": [
      "casual",
      "minimalist",
      "modern"
    ],
    "favorite_brands": {
      "Nike": 0.9,
      "Adidas": 0.75,
      "Levi's": 0.8,
      "Patagonia": 0.85
    },
    "size_preferences": {
      "shirt": "M",
      "polo shirt": "M",
      "t-shirt": "M",
      "pants": "32",
      "jeans": "32",
      "shoes": "10",
      "sneakers": "10"
    },
    "eco_conscious": true,
    "organic_preference": 0.8,
    "budget_patterns": {
      "shirt": [20.0, 50.0],
      "polo shirt": [25.0, 60.0],
      "t-shirt": [15.0, 40.0],
      "pants": [30.0, 80.0],
      "jeans": [40.0, 100.0],
      "shoes": [60.0, 150.0],
      "sneakers": [70.0, 180.0]
    }
  },
  {
    "user_id": "user-002",
    "style_preferences": [
      "professional",
      "classic",
      "elegant"
    ],
    "favorite_brands": {
      "Brooks Brothers": 0.9,
      "Ralph Lauren": 0.85,
      "Hugo Boss": 0.8,
      "Calvin Klein": 0.7
    },
    "size_preferences": {
      "shirt": "L",
      "polo shirt": "L",
      "pants": "34",
      "trousers": "34",
      "jacket": "42",
      "shoes": "11"
    },
    "eco_conscious": false,
    "organic_preference": 0.3,
    "budget_patterns": {
      "shirt": [40.0, 120.0],
      "polo shirt": [50.0, 130.0],
      "pants": [60.0, 150.0],
      "trousers": [70.0, 180.0],
      "jacket": [150.0, 400.0],
      "shoes": [100.0, 300.0]
    }
  },
  {
    "user_id": "user-003",
    "style_preferences": [
      "sporty",
      "athletic",
      "comfort"
    ],
    "favorite_brands": {
      "Under Armour": 0.95,
      "Nike": 0.9,
      "Reebok": 0.75,
      "New Balance": 0.8
    },
    "size_preferences": {
      "t-shirt": "L",
      "polo shirt": "L",
      "pants": "34",
      "shoes": "11",
      "sneakers": "11"
    },
    "eco_conscious": false,
    "organic_preference": 0.2,
    "budget_patterns": {
      "t-shirt": [20.0, 50.0],
      "polo shirt": [30.0, 70.0],
      "pants": [35.0, 90.0],
      "shoes": [70.0, 180.0],
      "sneakers": [80.0, 200.0]
    }
  }
]
